Company,Programme,Link,Opening Date,Closing Date,CV Required,Cover Letter,Written Answers
Two Sigma,Software Engineering Internship,https://bit.ly/46CV8Y9,,,,,
Shell,Assessed Internship Programme 2026,https://shell.wd3.myworkdayjobs.com/en-GB/ShellCareers/job/Shell-Assessed-Internship-Programme-2026---United-Kingdom_R182172?utm_source=Trackr&utm_medium=tracker&utm_campaign=UK_Technology_2026&source=Trackr,2025-09-10,2026-01-31,True,No,No
Aries Global,Data Intern,https://jobs.ashbyhq.com/ariesglobal/a3626fac-c0eb-447c-83ce-70487a6dc455?utm_source=Trackr&utm_medium=tracker&utm_campaign=UK_Technology_2026,2025-12-09,2026-02-14,True,No,No
Mewburn Ellis,Summer Internship - Artificial Intelligence & Machine Learning,https://apply.candidats.io/722bec7a-163a-4752-9068-ca8f8eda061e?utm_source=Trackr&utm_medium=tracker&utm_campaign=UK_Technology_2026,2026-02-09,2026-03-12,True,No,No
Tesco,Technology Internship,https://tescoearlycareers.groupgti.com/VacancyPosting/Search?utm_source=Trackr&utm_medium=tracker&utm_campaign=UK_Technology_2026#!/?text=searchField:%22technology%22%20ALSO%20dynamicstring_Vacancy_Name:%22technology%22%20AND%20%22internship%22,2025-09-23,,True,No,No
AMD,Summer 2026 Software Engineer Intern,https://careers.amd.com/students/jobs?stretchUnit=MILES&stretch=10&location=United+Kingdom&page=1&categories=Student+%2F+Intern+%2F+Temp&keywords=%22summer+2026%22&sortBy=relevance&utm_source=Trackr&utm_medium=tracker&utm_campaign=UK_Technology_2026,2025-09-23,2026-01-27,True,No,No
Thales,Software Engineering Intern,https://thales.wd3.myworkdayjobs.com/en-US/Careers?q=software+engineer+intern&locationCountry=29247e57dbaf46fb855b224e03170bc7&utm_source=Trackr&utm_medium=tracker&utm_campaign=UK_Technology_2026&source=Trackr,2025-12-15,2026-02-14,,,
TikTok,"System Software Engineer, Summer Intern",https://bit.ly/3TqXaFK,,,True,No,Yes
Expedia,Software Development Engineering Intern,https://expedia.wd108.myworkdayjobs.com/en-US/private/job/Software-Development-Engineering-Intern---June-2026---London_R-98445?utm_source=Trackr&utm_medium=tracker&utm_campaign=UK_Technology_2026&source=Trackr&locations=c553432013ba103bbc5cdb239b2d53be,2025-10-15,2025-10-20,True,No,No
Apple,Internship,https://jobs.apple.com/en-gb/search?location=united-kingdom-GBR&key=internship&utm_source=Trackr&utm_medium=tracker&utm_campaign=UK_Technology_2026,2025-10-10,,True,Optional,No
PQShield,Software Prototype Intern – Post-Quantum Cryptography,https://pqshield.com/careers/apply/4766811101/?utm_source=Trackr&utm_medium=tracker&utm_campaign=UK_Technology_2026,2026-01-27,,True,Optional,No
RBC Capital Markets,2026 Summer Analyst - Data Management Office,https://rbccmgraduates.gtisolutions.co.uk/2026-summer-analyst---data/383/viewdetails?utm_source=Trackr&utm_medium=tracker&utm_campaign=UK_Technology_2026,2026-01-20,2026-02-09,True,,
Alloyed,Software Engineer - Internship,https://bit.ly/40NeDwt?utm_source=Trackr&utm_medium=tracker&utm_campaign=careers,,,True,No,Yes
Arondite,Software Engineer - Summer 2026 Intern,https://apply.workable.com/arondite/j/0EB6077EDC/?utm_source=Trackr&utm_medium=tracker&utm_campaign=UK_Technology_2026,2025-12-04,2026-01-06,True,No,Yes
Siemens,Summer Intern – Software Development,https://jobs.siemens.com/en_US/externaljobs/JobDetail/484889?source=Trackr&sourceType=PREMIUM_POST_SITE&utm_source=Trackr&utm_medium=tracker&utm_campaign=UK_Technology_2026,2026-01-27,2026-02-14,True,,
Spotify,"2026 Summer Internship, Machine Learning Engineering",https://jobs.lever.co/spotify/cfb0eb22-45dd-4e02-8c62-db6551cb8227?utm_source=Trackr&utm_medium=tracker&utm_campaign=UK_Technology_2026&lever-source=Trackr,2026-01-22,2026-02-05,True,No,Yes
Cboe Global Markets,Intern - Data & Analytics,https://careers.cboe.com/us/en/job/CBJCGMUSR4313EXTERNALENUS/Intern-Data-Analytics?utm_source=Trackr&utm_medium=tracker&utm_campaign=UK_Technology_2026,2026-03-02,,True,No,No
Goldman Sachs,2026 Summer Analyst Programme,https://higher.gs.com/campus?DIVISION=Engineering+Division&EXPERIENCE_LEVEL=Summer+Analyst&LOCATION=London%7CBirmingham&page=1&sort=RELEVANCE&utm_source=Trackr&utm_medium=tracker&utm_campaign=UK_Technology_2026,2025-08-15,,True,Yes,No
UnlikelyAI,Software Engineer Intern,https://jobs.ashbyhq.com/unlikelyai/a0f38397-9feb-407c-bb4e-94db4f3157ad?utm_source=Trackr&utm_medium=tracker&utm_campaign=UK_Technology_2026,2026-02-20,2026-03-20,True,No,Yes
WTW,2026 Software Developer Internship,https://careers.wtwco.com/jobs/2026-software-developer-internship-reigate-reigate-england-united-kingdom-7b904587-0a7d-4481-b757-92558b6aa1fc,2026-02-02,,True,No,No
MarketAxess,Software Engineer Intern 2026,https://bit.ly/3FAjzcA,,,True,Optional,No
Deloitte,Summer Vacation Scheme,https://apply.deloitte.co.uk/UKEarlyCareers/SearchJobs/?4934=2772647&4934_format=4380&4935=2774097&4935_format=4381&listFilterMode=1&jobRecordsPerPage=20&utm_source=Trackr&utm_medium=tracker&utm_campaign=UK_Technology_2026,2025-09-22,2025-10-06,True,No,No
Deutsche Bank,"Internship Programme - Technology, Data & Innovation",https://db.recsolu.com/external/requisitions/u0Hg2cz-hLxgFhi35Rc8Ng?utm_source=Trackr&utm_medium=tracker&utm_campaign=UK_Technology_2026,2025-10-06,2025-11-02,True,Yes,No
BNY Mellon,2026 Summer Internship Program,https://eofe.fa.us2.oraclecloud.com/hcmUI/CandidateExperience/en/sites/CX_1001/jobs?keyword=%22summer+internship+program+-+engineering%22&location=United+Kingdom&locationId=300000000378281&locationLevel=country&mode=location&utm_source=Trackr&utm_medium=tracker&utm_campaign=UK_Technology_2026&iis=Trackr&sType=Trackr,2025-09-16,,,,
Legal & General,OneTech Services Intern 2026,https://jobs.smartrecruiters.com/LegalAndGeneral/744000116439216-intern-onetech-services-brighton-hove-2026?utm_source=Trackr&utm_medium=tracker&utm_campaign=UK_Technology_2026&trid=Trackr&dcr_ci=Trackr,2026-03-25,,True,,
American Express,Campus - Internship Programme - Technology,https://aexp.eightfold.ai/careers?query=internship&location=London%2C+London%2C+United+Kingdom&pid=37886461&Select+Primary+Career+Areas=technology&Role+Type=campus&domain=aexp.com&sort_by=relevance&hl=en&utm_source=Trackr&utm_medium=tracker&utm_campaign=UK_Technology_2026,2025-09-17,2026-01-27,True,No,No
Scotiabank,Technology Summer Internship 2026,https://bit.ly/3Kudqlo,,,True,No,No
Ciena,Software Engineering Intern,https://ciena.wd5.myworkdayjobs.com/en-US/Careers/job/UK--Edinburgh---19A-Canning-St/Software-Engineering-Intern_R028780?source=Trackr&Location_Country=29247e57dbaf46fb855b224e03170bc7&utm_source=Trackr&utm_medium=tracker&utm_campaign=UK_Technology_2026,2025-09-03,2025-09-16,True,No,No
Franklin Templeton,Edinburgh Summer Internship,https://bit.ly/3N5nUrT,,,True,No,Yes
Point72,2026 Cubist Quant Academy – Developers,https://job-boards.greenhouse.io/point72/jobs/8153488002?gh_jid=8153488002&utm_source=Trackr&utm_medium=tracker&utm_campaign=UK_Technology_2026&gh_src=Trackr,2025-09-05,2026-01-27,True,No,No
Aries Global,Software Engineer Intern,https://jobs.ashbyhq.com/ariesglobal/22f8cda7-f55a-4056-a25a-2c370161c163?utm_source=Trackr&utm_medium=tracker&utm_campaign=UK_Technology_2026,2025-12-09,2026-02-14,True,No,No
Vanguard,Technology Internship (Summer 2026),https://www.vanguardjobs.com/job-search-results/?keyword=Technology+Internship+-+Summer+2026&utm_source=Trackr&utm_medium=tracker&utm_campaign=UK_Technology_2026,2026-02-06,,True,No,No
Viasat,Software Engineer Intern,https://careers.viasat.com/jobs/5805?utm_source=Trackr&utm_medium=tracker&utm_campaign=UK_Technology_2026,2026-03-04,,True,No,No
Quantcast,Software Engineering Intern - Summer 2026,https://bit.ly/3XHtIy2,,,,,
Warner Bros. Discovery,Software Engineering Intern - Summer 2026,https://bit.ly/3CjeIOB,,,True,No,No
Cisco,Software Engineer Internship - Summer 2026,https://bit.ly/4e34OhM,,,True,No,No
Baillie Gifford,Technology Summer Internship 2026,https://bailliegifford.wd3.myworkdayjobs.com/en-US/BaillieGiffordEarlyCareers/job/Edinburgh/Technology-Summer-Internship-2026_R0004301?utm_source=Trackr&utm_medium=tracker&utm_campaign=UK_Technology_2026&source=Trackr,2025-09-08,2025-11-03,,,
F5,Software Engineering & Data Science Internship 2026,https://ffive.wd5.myworkdayjobs.com/en-US/f5jobs/jobs/details/Software-Engineering-Internship-2026_RP1036038?workerSubType=7a119632acd0109fce74cbf856cb3009&locationHierarchy1=7a119632acd0109fd9712a0bb14348f2&utm_source=Trackr&utm_medium=tracker&utm_campaign=UK_Technology_2026&source=Trackr,2026-03-11,,,,
Bloomberg,2026 Software Engineer Internship,https://bloomberg.avature.net/careers/Private?jobId=13619&utm_source=Trackr&utm_medium=tracker&utm_campaign=UK_Technology_2026&source=Trackr,2026-01-16,2026-01-27,True,No,No
Quantum Dice,Summer Internship Programme,https://quantumdice.bamboohr.com/careers/45?utm_source=Trackr&utm_medium=tracker&utm_campaign=UK_Technology_2026&source=Trackr,2026-02-23,,True,No,Yes
Hacktron AI,Member of Technical Staff Intern,https://jobs.gem.com/hacktron/am9icG9zdDo5OM6Mx6yg5PkpmkvF_8aC?utm_source=Trackr&utm_medium=tracker&utm_campaign=UK_Technology_2026,2026-01-27,,True,Optional,Yes
Five AI,Software Engineer - Summer Internship 2026,https://bit.ly/4enWKbw,,,,,
Wise,Analytics Intern,https://wise.jobs/job/analytics-intern-in-london-jid-2486?utm_source=Trackr&utm_medium=tracker&utm_campaign=UK_Technology_2026,2026-01-13,2026-01-13,True,No,No
RBC Capital Markets,2026 Summer Analyst - Developer / Data Analyst,https://rbccmgraduates.gtisolutions.co.uk/2026-summer-analyst---developerdata-analyst/369/viewdetails?utm_source=Trackr&utm_medium=tracker&utm_campaign=UK_Technology_2026,2025-10-22,2025-12-10,True,Optional,No
Tower Research Capital,Software Developer Intern (Summer 2026),https://tower-research.com/open-positions/?gh_jid=7210139&gh_src=Trackr,2025-09-01,2026-01-27,True,Optional,No
Crédit Agricole,Summer Internship Programme 2026 - IT,https://jobs.ca-cib.com/job/job-summer-internship-2026-it_105558.aspx?utm_source=Trackr&utm_medium=tracker&utm_campaign=UK_Technology_2026,2025-11-03,2026-01-27,True,Optional,No
Samsara,Software Engineering Intern,https://www.samsara.com/company/careers/roles/7336195?gh_jid=7336195&utm_source=Trackr&utm_medium=tracker&utm_campaign=UK_Technology_2026&gh_src=Trackr,2025-10-28,2026-02-14,True,Optional,Yes
Government Statistical Service,Summer Student Placements 2026,https://www.civilservicejobs.service.gov.uk/csr/jobs.cgi?utm_source=Trackr&utm_medium=tracker&utm_campaign=UK_Technology_2026&jcode=1974189,2025-11-01,2025-11-11,False,No,No
Revolut,Rev-celerator Internship Programme 2026,https://www.revolut.com/careers/?text=rev-celerator+internship+programme&team=Engineering&utm_source=Trackr&utm_medium=tracker&utm_campaign=UK_Technology_2026,2025-06-15,2025-12-14,True,No,No
Ashton Fire,Intern Software Engineer (Summer 2026),https://ashtonfire.bamboohr.com/careers/52?utm_source=Trackr&utm_medium=tracker&utm_campaign=UK_Technology_2026&source=Trackr,2025-10-06,2026-01-09,True,Yes,No
FreeAgent,Software Engineering Intern,https://bit.ly/4fA0wi5,,,True,No,Yes
S&P Global,Software Engineer Intern,https://careers.spglobal.com/jobs/326037?utm_source=Trackr&utm_medium=tracker&utm_campaign=UK_Technology_2026,2026-03-11,,True,,
TPP,Summer Internship - Software Developer,https://tpp-careers.com/roles/summer-internship-software-developer/?utm_source=Trackr&utm_medium=tracker&utm_campaign=UK_Technology_2026,2025-09-04,,False,No,No
Nvidia,Technology Intern - 2026,https://nvidia.wd5.myworkdayjobs.com/en-US/nvidiaexternalcareersite/jobs?locationHierarchy1=2fcb99c455831013ea52f785717432d2&workerSubType=0c40f6bd1d8f10adf6dae42e46d44a17&utm_source=Trackr&utm_medium=tracker&utm_campaign=UK_Technology_2026&source=Trackr,2025-10-24,2025-11-08,True,No,No
Direct Soccer,Technology Internship (Summer 2026),https://www.linkedin.com/jobs/view/4340382854/?utm_source=Trackr&utm_medium=tracker&utm_campaign=UK_Technology_2026,2025-12-01,2026-02-14,True,No,No
Helsing,Software Engineer - Intern,https://helsing.ai/jobs/4703320101?gh_jid=4703320101&utm_source=Trackr&utm_medium=tracker&utm_campaign=UK_Technology_2026&gh_src=Trackr,2025-11-06,2025-12-28,True,No,No
FactSet,Engineering Internship - Summer 2026,https://factset.wd108.myworkdayjobs.com/en-US/FactSetCareers/job/Engineering-Internship--London---Summer-2026_R29473?utm_source=Trackr&utm_medium=tracker&utm_campaign=UK_Technology_2026&source=Trackr,2026-01-08,2026-02-14,True,No,No
Pacific Asset Management,Summer Internships 2026,https://bit.ly/3TUAi1E,,,True,Optional,No
MongoDB,"2026 - Software Engineering Intern, Dublin",https://www.mongodb.com/careers/jobs/6918894?utm_source=Trackr&utm_medium=tracker&utm_campaign=UK_Technology_2026,2026-02-13,,True,Optional,No
Mako Trading,Summer Internship - Trading & Technology,https://www.mako.com/opportunities/job-listing?gh_jid=8222031002&utm_source=Trackr&utm_medium=tracker&utm_campaign=UK_Technology_2026&gh_src=Trackr,2025-10-22,2026-01-27,True,Optional,No
IMC Trading,Women in Technology,https://job-boards.eu.greenhouse.io/imc/jobs/4697256101?utm_source=Trackr&utm_medium=tracker&utm_campaign=UK_Technology_2026&gh_src=Trackr,2026-01-16,2026-03-13,True,No,Yes
Capgemini,Internship Consulting or Technical routes 2026,https://careers.capgemini.com/job/Telford-Internship-Consulting-or-Technical-routes-2026/1262635801/?utm_source=Trackr&utm_medium=tracker&utm_campaign=UK_Technology_2026,2025-10-28,2026-01-27,True,Yes,Yes
Certara,Junior Software Developer (Student Intern),https://careers.certara.com/jobs/2274?utm_source=Trackr&utm_medium=tracker&utm_campaign=UK_Technology_2026&mode=apply&iis=Trackr,2025-10-30,2026-01-27,True,Optional,No
Perplexity,UK Internship Program,https://job-boards.greenhouse.io/perplexityai/jobs/4735785007?utm_source=Trackr&utm_medium=tracker&utm_campaign=UK_Technology_2026&gh_src=Trackr,2025-10-17,2026-01-27,True,Optional,Yes
Hudson River Trading,Software Engineering Internship - Summer 2026,https://www.hudsonrivertrading.com/hrt-job/software-engineering-internship-summer-2026-2/?utm_source=Trackr&utm_medium=tracker&utm_campaign=UK_Technology_2026,2025-10-07,,True,Optional,No
XTX Markets,Software Engineering Intern - Summer 2026,https://job-boards.greenhouse.io/xtxmarketstechnologies?keyword=intern+summer+2026&utm_source=Trackr&utm_medium=tracker&utm_campaign=UK_Technology_2026&gh_src=Trackr,2025-09-02,2026-01-01,True,Optional,No
Dojo,"Intern, Associate Software Engineer",https://dojo.careers/jobs/4762109101/?gh_jid=4762109101&gh_src=Trackr&utm_source=Trackr&utm_medium=tracker&utm_campaign=UK_Technology_2026,2026-02-05,,True,Optional,Yes
PIMCO,2026 Summer Intern - Technology Analyst,https://pimco.wd1.myworkdayjobs.com/en-US/pimco-careers/job/XMLNAME-2026-Summer-Intern---Technology-Analyst--Software-Engineering_R105661?utm_source=Trackr&utm_medium=tracker&utm_campaign=UK_Technology_2026&source=Trackr,2025-09-05,2026-02-14,True,No,No
DV Trading,2026 Summer Internship - Software Development,https://job-boards.greenhouse.io/dvtrading/jobs/4592920005?utm_source=Trackr&utm_medium=tracker&utm_campaign=UK_Technology_2026&gh_src=Trackr,2025-08-02,,True,Optional,No
LMR Partners,2026 Summer Internship Program,https://bit.ly/3WfEkmx,,,True,No,No
Roku,Software Engineer Intern,https://www.weareroku.com/jobs/search?page=1&country_codes%5B%5D=GB&string_field_1%5B%5D=Internships&query=%22Software+Engineer+Intern%22&utm_source=Trackr&utm_medium=tracker&utm_campaign=UK_Technology_2026,2026-01-21,,True,Optional,No
Everest,2026 Information Technology Summer Internship,https://bit.ly/48vL2Ic,,,True,No,No
Nannie,AI Startup Internship,https://www.linkedin.com/jobs/view/4383727249?utm_source=Trackr&utm_medium=tracker&utm_campaign=UK_Technology_2026,2026-03-10,,True,No,No
Nomura,Information Technology - Summer Internship,https://bit.ly/40L5u4T,,,True,No,No
Rolls-Royce,Engineering and Technology Summer Internship,https://rollsroyce.wd3.myworkdayjobs.com/en-US/Intern_Graduate/job/Derby/Rolls-Royce-Engineering-and-Technology-Summer-Internship---UK_JR6144467?utm_source=Trackr&utm_medium=tracker&utm_campaign=UK_Technology_2026&source=Trackr,2025-10-07,2025-11-14,False,No,Yes
Waters Corporation,Software Engineering Summer Intern,https://internationalcareers-waters.icims.com/jobs/25672/software-engineering-summer-intern/job?utm_source=Trackr&utm_medium=tracker&utm_campaign=UK_Technology_2026&iis=Trackr,2026-03-13,2026-03-23,True,,
MUFG,2026 Summer Internship Programme: Technology,https://mufgub.wd3.myworkdayjobs.com/en-US/MUFG-EarlyCareers/details/XMLNAME-2026-MUFG-UK-Summer-Internship-Programme--Technology-Business-Support_10075451-WD?utm_source=Trackr&utm_medium=tracker&utm_campaign=UK_Technology_2026&source=Trackr&q=%22summer+internship+programme%3A+technology%22&Country=29247e57dbaf46fb855b224e03170bc7,2026-03-04,2026-03-29,True,No,Yes
Aberdeen Group,Engineering Summer Placement,https://bit.ly/4113qW9,,,True,No,No
WithSecure,Cyber Security Internship - Summer 2026,https://bit.ly/3Pbk811,,,True,Optional,Yes
Police Scotland,Graduate Programme - Graduate Developer,https://policescotland-spacareers.tal.net/vx/appcentre-PoliceScotlandExternal/brand-3/spa-1/candidate/so/pm/6/pl/24/opp/4511-Graduate-Programme-Graduate-Developer/en-GB?utm_source=Trackr&utm_medium=tracker&utm_campaign=UK_Technology_2026,2025-12-01,2026-02-02,,,
Rokos Capital Management,RCM Internship Programme 2026,https://apptrkr.io/rokos-capital-management/rokos-capital-management-202526/rcm-internship-programme-2026?utm_source=Trackr&utm_medium=tracker&utm_campaign=UK_Technology_2026,2025-11-01,2026-01-27,True,No,Yes
Fuse Energy,IT Operations Intern,https://www.linkedin.com/jobs/view/4392942665/?utm_source=Trackr&utm_medium=tracker&utm_campaign=UK_Technology_2026,2026-03-29,,True,No,No
Johnson & Johnson,AI/ML Summer Intern - Statistics & Decision Sciences (SDS),https://www.careers.jnj.com/en/jobs/r-056470/aiml-summer-intern-statistics-decision-sciences-sds/?utm_source=Trackr&utm_medium=tracker&utm_campaign=UK_Technology_2026,2026-02-04,2026-02-25,True,,
G-Research,Software Engineering Internship,https://gresearch.wd103.myworkdayjobs.com/en-US/G-Research/job/Software-Engineering-Internship_R3264?utm_source=Trackr&utm_medium=tracker&utm_campaign=UK_Technology_2026&source=Trackr,2025-09-10,2026-01-27,True,No,No
Universal Music Group,IT Intern,https://bit.ly/3MIHJVJ,,,,,
Wells Fargo,EMEA Technology Summer Analyst,https://bit.ly/3m9HjOE,,,,,
Keysight,Software Engineering Internship,https://jobs.keysight.com/external/jobs/51459?lang=en-us&utm_source=Trackr&utm_medium=tracker&utm_campaign=UK_Technology_2026,2026-02-11,,True,,
Monzo,Software Engineering Internship (Summer 2026),https://job-boards.greenhouse.io/monzo?gh_src=Trackr&offices%5B%5D=14736&keyword=intern&utm_source=Trackr&utm_medium=tracker&utm_campaign=UK_Technology_2026,2025-09-17,2025-11-14,True,Optional,Yes
Millennium Management,Software Engineering Intern,https://campusjobs.mlp.com/careers/job/755944532745?utm_source=Trackr&utm_medium=tracker&utm_campaign=UK_Technology_2026,2025-08-14,2026-01-27,True,No,No
Autodesk,"Intern, Software Engineer",https://autodesk.wd1.myworkdayjobs.com/en-US/Ext/jobs?src=Trackr&locationCountry=29247e57dbaf46fb855b224e03170bc7&workerSubType=39f5af07b0c54bc588b1a47788da7f81&utm_source=Trackr&utm_medium=tracker&utm_campaign=UK_Technology_2026&source=Trackr,2025-09-30,2026-01-27,True,No,No
Baker Hughes,Emerging Talent – Digital Technology Intern 2026,https://bakerhughes.wd5.myworkdayjobs.com/en-US/BakerHughes/jobs?q=%27emerging+talent+-+digital+technology%27&locationHierarchy1=29247e57dbaf46fb855b224e03170bc7&utm_source=Trackr&utm_medium=tracker&utm_campaign=UK_Technology_2026&source=Trackr,2026-01-09,,True,No,No
Balyasny Asset Management,Software Engineering (Summer Internship),https://bambusdev.my.site.com/s/details?jobReq=Software-Engineering--Summer-Internship-_REQ7175&utm_source=Trackr&utm_medium=tracker&utm_campaign=UK_Technology_2026&source=Trackr,2025-08-06,2026-02-14,True,No,No
Caxton Associates,2026 Summer Internship Programme,https://apply.workable.com/caxton/?utm_source=Trackr&utm_medium=tracker&utm_campaign=UK_Technology_2026,2025-12-16,2026-01-31,True,Yes,No
ICBC Standard Bank,Summer Intern - Technology,https://bit.ly/3O84CmH,,,True,Yes,No
Macquarie Group,2026 Summer Internship Programme,https://recruitment.macquarie.com/en_US/careers/JobDetail?jobId=18059&source=Trackr&utm_source=Trackr&utm_medium=tracker&utm_campaign=UK_Technology_2026,2025-09-01,2025-10-31,True,No,No
Centrica,Technology Summer Internship,https://centrica.wd3.myworkdayjobs.com/Centrica/job/Windsor/DTS-Summer-Internship_R0078047-1?utm_source=Trackr&utm_medium=tracker&utm_campaign=UK_Technology_2026&source=Trackr,2025-10-10,2025-10-31,True,No,No
Brevan Howard,2026 Summer Internship Programme – Artificial Intelligence & Quant,https://wd3.myworkdaysite.com/en-US/recruiting/brevanhoward/BH_ExternalCareers/job/XMLNAME-2026-Summer-Internship-Programme---Artificial-Intelligence---Quant--London_JR101202?utm_source=Trackr&utm_medium=tracker&utm_campaign=UK_Technology_2026,2025-09-17,2026-01-27,True,No,No
Xantium,Quantitative Developer Intern,https://job-boards.greenhouse.io/xantium/jobs/7094436?utm_source=Trackr&utm_medium=tracker&utm_campaign=UK_Technology_2026&gh_src=Trackr,2025-07-30,2026-01-27,True,Optional,No
Google,"Student Researcher, 2026",https://www.google.com/about/careers/applications/jobs/results/93865849051325126-student-researcher?utm_source=Trackr&utm_medium=tracker&utm_campaign=UK_Technology_2026,2026-01-27,,True,No,No
Salesforce,2026 Software Engineering Intern (Dublin),https://salesforce.wd12.myworkdayjobs.com/en-US/External_Career_Site/job/Ireland---Dublin/Summer-2026-Intern---Software-Engineering_JR326900-1?workerSubType=3a910852b2c31010f48d2cefdccd0000&utm_source=Trackr&utm_medium=tracker&utm_campaign=UK_Technology_2026&source=Trackr,2026-01-23,,True,,
MathWorks,Software Development Internship,https://uk.mathworks.com/company/jobs/opportunities/25611-multiple-openings-software-development-internship?utm_source=Trackr&utm_medium=tracker&utm_campaign=UK_Technology_2026,2025-09-26,,True,Yes,Yes
AccelerComm,Summer Internship Python 2026,https://bit.ly/4hQ1xVx,,,,,
TP ICAP,Technology Summer Internship 2026,https://bit.ly/3rSJ0Tw,,,True,Optional,No
BGC Group,2026 Technology Summer Internship Programme,https://hdow.fa.us6.oraclecloud.com/hcmUI/CandidateExperience/en/sites/CX_1003/jobs?keyword=%22uk+technology+summer+internship+programme%22&mode=location&utm_source=Trackr&utm_medium=tracker&utm_campaign=UK_Technology_2026&iis=Trackr&sType=Trackr,2025-10-27,2026-01-27,True,No,Yes
Trainline,Engineering Internship Summer 2026,https://jobs.ashbyhq.com/trainline/38c0d37d-68ba-46f9-bbf9-b458c07d3d8c?utm_source=Trackr&utm_medium=tracker&utm_campaign=UK_Technology_2026,2025-11-28,2025-12-19,True,Optional,Yes
Qualcomm,FY26 Intern - Software Engineer,https://app.eightfold.ai/careers?utm_source=Trackr&utm_medium=tracker&utm_campaign=UK_Technology_2026&query=software&location=united+kingdom&seniority=Intern&pid=446715016690&domain=qualcomm.com&sort_by=relevance&triggerGoButton=true,2025-10-20,,True,No,No
Google,"Software Engineering Intern, 2026",https://www.google.com/about/careers/applications/jobs/results/93991924192420550-software-engineering-site-reliability-engineering-bsms-intern-2026?utm_source=Trackr&utm_medium=tracker&utm_campaign=UK_Technology_2026,2025-09-16,2025-10-24,True,Optional,No
Moloco,Machine Learning Engineer Intern,https://job-boards.greenhouse.io/moloco/jobs/7559005003?utm_source=Trackr&utm_medium=tracker&utm_campaign=UK_Technology_2026&gh_src=Trackr,2025-12-12,,True,Optional,No
FSP,Intern Software Developer,https://bit.ly/3XpDPG5,,,,,
DRW,Software Developer Intern,https://job-boards.greenhouse.io/drweng/jobs/6987115?utm_source=Trackr&utm_medium=tracker&utm_campaign=UK_Technology_2026&gh_src=Trackr,2025-07-14,2026-01-27,True,Yes,No
Terra,AI and Engineering Intern,,,,,,
Cirrus Logic,Software Developer Internship,https://jobs.eu.lever.co/cirrus/bf911f80-9ff4-46be-96b9-82049e5d7a8e?utm_source=Trackr&utm_medium=tracker&utm_campaign=UK_Technology_2026&lever-source=Trackr,2025-11-25,2026-02-14,True,Optional,No
Aspect Capital,Quantitative Research Intern - Execution Research,https://aspectcapital-42aeea.careers.hibob.com/jobs/1df25980-3ccc-4464-8bd9-bd5328561cee,2025-11-13,2026-01-27,True,Yes,No
CommonAI CIC,Software Engineer (Summer 2026 Internship),https://www.linkedin.com/jobs/view/4313209422?utm_source=Trackr&utm_medium=tracker&utm_campaign=UK_Technology_2026,2025-10-10,2025-12-06,True,Yes,No
GSK,GSK Summer Internships 2026,https://www.srgtalent.com/jobs/147499-GSK-Summer-Internships-England-UK---2026?utm_source=Trackr&utm_medium=tracker&utm_campaign=UK_Technology_2026,2026-03-06,,True,,
Addepar,Software Engineer Intern,https://bit.ly/3zprtWv,,,,,
Cloudflare,Security Engineer Intern,https://job-boards.greenhouse.io/cloudflare/jobs/7582169?utm_source=Trackr&utm_medium=tracker&utm_campaign=UK_Technology_2026&gh_src=Trackr,2026-02-04,,True,Optional,No
Mastercard,"Software Engineering Intern, Summer 2026",https://careers.mastercard.com/us/en/job/MASRUSR257380EXTERNALENUS/R-257373-Software-Engineer-Intern-Summer-2026-London-UK?utm_source=Trackr&utm_medium=tracker&utm_campaign=UK_Technology_2026,2026-01-29,,True,Optional,No
Aegon,Technology Intern - Summer 2026,https://bit.ly/3Ofktzn,,,True,No,No
Deliveroo,Machine Learning Intern,https://jobs.ashbyhq.com/deliveroo/09e09801-1f6b-4281-968e-e4a9f1f9c6a6?utm_source=Trackr&utm_medium=tracker&utm_campaign=UK_Technology_2026,2026-03-06,,True,No,No
Spotify,"2026 Summer Internship, Engineering & Data Science",https://jobs.lever.co/spotify/57c9e00b-16cc-49dd-86fe-b928f08eaf1a?utm_source=Trackr&utm_medium=tracker&utm_campaign=UK_Technology_2026&lever-source=Trackr,2026-01-22,2026-02-05,True,No,Yes
Balyasny Asset Management,"Quantitative Developer, Systematic Investment Teams (Summer Internship)",https://bambusdev.my.site.com/s/details?jobReq=Quantitative-Developer--Systematic-Investment-Teams--Summer-Internship-_REQ7399&utm_source=Trackr&utm_medium=tracker&utm_campaign=UK_Technology_2026,2025-12-30,2026-01-27,True,No,No
HSBC,Quant Trading and Machine Learning Associate - Internship,https://hsbcearlycareers.groupgti.com/data-analyst---quantitative-finance---internship---uk-london/328/viewdetails?utm_source=Trackr&utm_medium=tracker&utm_campaign=UK_Technology_2026,2025-12-30,2026-01-04,True,No,No
Frazer-Nash Consultancy,Data Science & Software Engineer Summer Internship,https://kbr.wd5.myworkdayjobs.com/en-US/Frazer_Nash_Careers/job/Data-Science---Software-Engineer-Summer-Internship_R2116374?utm_source=Trackr&utm_medium=tracker&utm_campaign=UK_Technology_2026&source=Trackr,2025-12-15,2026-01-12,True,Optional,Yes
Morgan Stanley,2026 Technology Summer Analyst Program,https://morganstanley.tal.net/vx/lang-en-GB/mobile-0/brand-2/user-5764832/xf-8c7b6a6cce83/candidate/jobboard/vacancy/1/adv/?f_Item_Opportunity_17058_lk=133794&f_Item_Opportunity_17048_lk=770&f_Item_Opportunity_17051_lk=1038&utm_source=Trackr&utm_medium=tracker&utm_campaign=UK_Technology_2026,2025-08-31,2025-11-23,True,Yes,No
Capital Group,2026 Summer Internship - Information Technology Group,https://bit.ly/3Qu3f3L,,,True,No,No
NASDAQ,Data Science Intern,https://nasdaq.wd1.myworkdayjobs.com/Global_External_Site/job/United-Kingdom---London/Data-Science-Intern----London-Summer-2026_R0024802?utm_source=Trackr&utm_medium=tracker&utm_campaign=UK_Technology_2026&source=Trackr,2026-01-13,2026-01-27,True,No,No
Oxford Nanopore Technologies,Machine Learning Intern,https://ejnh.fa.em2.oraclecloud.com/hcmUI/CandidateExperience/en/sites/CX_1/job/2998/?utm_medium=tracker&utm_source=Trackr&utm_campaign=UK_Technology_2026&iis=Trackr&sType=Trackr,2026-01-06,2026-01-19,True,Optional,No
Infosys,Computer Science Internship Infosys,https://www.linkedin.com/jobs/view/4351319567/?utm_source=Trackr&utm_medium=tracker&utm_campaign=UK_Technology_2026,,,True,No,No
Softwire,Software Development Internship,https://bit.ly/3AW3m28,,,False,No,Yes
Citi,"2026, Technology Summer Analyst",https://citi.wd5.myworkdayjobs.com/2/job/London--United-Kingdom/Technology---Summer-Analyst--London--2026_25920474?utm_source=Trackr&utm_medium=tracker&utm_campaign=UK_Technology_2026&source=Trackr,2025-11-12,2026-01-27,True,Yes,Yes
National Highways,Intern - Digital and IT Services,https://bit.ly/3XGQyWw,,,True,Yes,Yes
Compare The Market,Software Engineer Intern,https://ebet.fa.em3.oraclecloud.com/hcmUI/CandidateExperience/en/sites/MK/job/100163/?utm_medium=tracker&utm_source=Trackr&utm_campaign=UK_Technology_2026&iis=Trackr&sType=Trackr,2026-02-17,2026-03-09,True,Optional,No
Bending Spoons,"Software Engineer, Intern",https://jobs.bendingspoons.com/?contractType=internship&utm_source=Trackr&utm_medium=tracker&utm_campaign=UK_Technology_2026,2025-05-02,,True,No,No
Qube RT,2026 Internship - Software Engineering,https://www.qube-rt.com/careers/?location=&sector=Technology&experience=Students+and+New+Grads&utm_source=Trackr&utm_medium=tracker&utm_campaign=UK_Technology_2026,2025-09-25,,True,Optional,Yes
Crowdstrike,Red Team (Cyber Security) Intern 2026,https://crowdstrike.wd5.myworkdayjobs.com/crowdstrikecareers/job/United-Kingdom---London/Professional-Services-Red-Team-Intern---Summer-2026--London_R26478-1?utm_source=Trackr&utm_medium=tracker&utm_campaign=UK_Technology_2026&source=Trackr,2026-01-21,2026-02-14,True,,
AVEVA,Artificial Intelligence and Machine Learning Intern,https://aveva.wd3.myworkdayjobs.com/en-US/AVEVA_careers/job/Artificial-Intelligence-and-Machine-Learning-Intern_R011685?utm_source=Trackr&utm_medium=tracker&utm_campaign=UK_Technology_2026&source=Trackr,2025-12-16,2026-02-14,True,No,Yes
Quadrature,Quant Developer Internship,https://job-boards.greenhouse.io/quadraturecapital/jobs/4255974?utm_source=Trackr&utm_medium=tracker&utm_campaign=UK_Technology_2026&gh_src=Trackr,2025-09-01,2025-12-31,True,Optional,No
Bose,Audio Machine Learning Intern,https://boseallaboutme.wd503.myworkdayjobs.com/en-US/Bose_Careers/job/Audio-Machine-Learning-Intern_R28343?utm_source=Trackr&utm_medium=tracker&utm_campaign=UK_Technology_2026&source=Trackr,2025-10-23,2025-10-31,,,
Splunk,Software Engineer Intern (C++),https://bit.ly/47I7SfC,,,True,Optional,No
Spotify,2026 Summer Internship,https://bit.ly/3ZopVXE,,,,,
Talos,"Software Engineer Intern, Backend, Trading",https://jobs.ashbyhq.com/Talos-Trading/f2b1c5af-ed8d-4759-98f4-76f656d83a52?utm_source=Trackr&utm_medium=tracker&utm_campaign=UK_Technology_2026,2025-12-19,,True,No,Yes
Epic Games,Gameplay Programmer Intern,https://www.epicgames.com/site/en-US/careers/jobs/5621025004?gh_jid=5621025004&gh_src=Trackr&utm_source=Trackr&utm_medium=tracker&utm_campaign=UK_Technology_2026,2025-09-27,2026-01-27,True,Optional,No
Netcraft,Software Engineering - Student Application,https://netcraft.bamboohr.com/careers/155?utm_source=Trackr&utm_medium=tracker&utm_campaign=UK_Technology_2026&source=Trackr,2025-09-13,2025-11-18,True,Optional,No
Meta,Security Engineer Intern,https://www.metacareers.com/jobs/770613715578381?utm_source=Trackr&utm_medium=tracker&utm_campaign=UK_Technology_2026,2025-09-05,2026-01-27,True,Optional,No
Jump Trading,Campus Software Engineer (Intern),https://www.jumptrading.com/careers/6946008/?gh_jid=6946008&utm_source=Trackr&utm_medium=tracker&utm_campaign=UK_Technology_2026&gh_src=Trackr,2025-08-02,2025-09-16,True,Optional,No
Aventum Group,IT Intern,https://aventumhr.my.salesforce-sites.com/Recruit/fRecruit__ApplyJob?utm_source=Trackr&utm_medium=tracker&utm_campaign=UK_Technology_2026&vacancyNo=VN503,2026-03-29,,True,Optional,Optional
Ciena,Data Science/Analyst Intern,https://ciena.wd5.myworkdayjobs.com/en-US/Careers/job/Data-Science-Analyst-Intern--Summer-2026-_R030463?utm_source=Trackr&utm_medium=tracker&utm_campaign=UK_Technology_2026&source=Trackr,2026-03-23,,True,,
PredictX,Paid Summer 2026 Internship,https://bit.ly/3uPdmrl,,,,,
Nordic Semiconductor,UK Internships & Placements 2026 - Wi-Fi,https://careers.nordicsemi.com/jobs/6561503-uk-internships-placements-2026-wi-fi?utm_source=Trackr&utm_medium=tracker&utm_campaign=UK_Technology_2026,2025-10-28,2026-01-27,True,Optional,No
Metrea,Intern - Software Engineer,https://workforcenow.adp.com/mascsr/default/mdf/recruitment/recruitment.html?cid=39bc5efc-a576-4a4d-83eb-32e95d4e96c8&ccId=9200591563947_2&jobId=552073&lang=en_US&source=Trackr&utm_source=Trackr&utm_medium=tracker&utm_campaign=UK_Technology_2026,2025-09-03,2025-09-16,True,No,Yes
StoneX,Intern - Developer (Front Office Metals),https://uk-stonex.icims.com/jobs/13894/intern---developer-%28front-office-metals-%29/job?utm_source=Trackr&utm_medium=tracker&utm_campaign=UK_Technology_2026&iis=Trackr,2025-10-02,2025-10-06,True,No,No
Runna,Data Engineer Intern,https://jobs.ashbyhq.com/runna/a79b63cb-4a04-4f5c-ba2a-87a9ff6811e8?utm_source=Trackr&utm_medium=tracker&utm_campaign=UK_Technology_2026,2026-03-06,2026-04-01,True,Yes,Yes
GIC,GIC Internship Programme 2026,https://impress.ai/html-widget/chat-widget/cc09feb5-c9d7-4465-9575-ac4e9b534402/?utm_source=Trackr&utm_medium=tracker&utm_campaign=UK_Technology_2026,2025-06-19,2026-01-27,True,No,No
UserTesting,Software Engineer Intern,https://usertesting.wd12.myworkdayjobs.com/UserTesting/job/Edinburgh/Software-Engineer-Intern_R-101153-1?utm_source=Trackr&utm_medium=tracker&utm_campaign=UK_Technology_2026&source=Trackr,2026-03-02,,True,,
Siemens,Software Developer Intern (Summer 2026 Internship),https://bit.ly/3XFahpp,,,True,Optional,Yes
Microsoft,Software Engineer Internship Opportunities,https://jobs.careers.microsoft.com/global/en/share/1871538/?utm_source=Trackr&utm_campaign=UK_Technology_2026&utm_medium=tracker,2025-09-04,2025-09-16,True,No,No
King,Summer Technology Internships 2026,https://bit.ly/4e00m3p,,,True,,
SPAICE,Computer Vision Engineer Intern,https://jobs.ashbyhq.com/spaice-tech/e3f67cc8-c383-478a-89dc-bd535605cd9b?utm_source=Trackr&utm_medium=tracker&utm_campaign=UK_Technology_2026,2025-11-11,,True,No,Yes
Nationwide,Analyst,https://nationwide-jobs.co.uk/jobs/analyst-300004893098347?utm_source=Trackr&utm_medium=tracker&utm_campaign=UK_Technology_2026,2025-10-19,2025-10-28,True,Optional,No
Cloudflare,Software Engineer - Intern (Summer 2026),https://job-boards.greenhouse.io/cloudflare/jobs/7296923?gh_jid=7296923&utm_source=Trackr&utm_medium=tracker&utm_campaign=UK_Technology_2026&gh_src=Trackr,2025-10-17,,True,Optional,Yes
Moloco,Data Science Intern,https://job-boards.greenhouse.io/moloco/jobs/7547608003?utm_source=Trackr&utm_medium=tracker&utm_campaign=UK_Technology_2026&gh_src=Trackr,2025-12-12,,True,Optional,No
Jacobs,Geospatial & GIS - Summer Internship,https://bit.ly/3TqN5Zy,,,True,Optional,No
AustralianSuper,2026 Summer Intern Program,https://2026internprogramlondon-australiansuper.pushapply.com/?utm_source=Trackr&utm_medium=tracker&utm_campaign=UK_Technology_2026,2026-02-04,2026-03-01,True,No,No
Precisely,Cloud Engineering Intern,https://www.precisely.com/careers-and-culture/international-jobs/job/?utm_source=Trackr&utm_medium=tracker&utm_campaign=UK_Technology_2026&gh_jid=4669817005&gh_src=Trackr,2026-03-06,,True,No,No
FTI Consulting,2026 Summer Internship,https://fticonsult.referrals.selectminds.com/ftistudentcareers/jobs/search/9584020?utm_source=Trackr&utm_medium=tracker&utm_campaign=UK_Technology_2026,2025-10-27,2025-11-27,True,No,No
Hubspot,Software Engineer Internship Program,https://www.hubspot.com/careers/jobs/?utm_source=Trackr&utm_medium=tracker&utm_campaign=UK_Technology_2026&page=1,2025-10-04,2026-02-14,True,Optional,Yes
AVEVA,Information Technology Intern,https://aveva.wd3.myworkdayjobs.com/en-US/AVEVA_careers/job/Information-Technology-Intern_R011686?utm_source=Trackr&utm_medium=tracker&utm_campaign=UK_Technology_2026&source=Trackr,2025-12-16,2026-02-14,True,No,Yes
Tradeweb,Summer Internship Program 2026,https://ecnf.fa.us2.oraclecloud.com/hcmUI/CandidateExperience/en/sites/CX/jobs?keyword=%22summer+internship+program+2026%22&mode=location&utm_source=Trackr&utm_medium=tracker&utm_campaign=UK_Technology_2026&iis=Trackr&sType=Trackr,2025-10-13,2025-10-24,True,Optional,No
LCP,Technology - Summer Internship 2026,https://careers.lcp.com/experienced-hires/search-uk-vacancies?specialism=Early+Careers&utm_source=Trackr&utm_medium=tracker&utm_campaign=UK_Technology_2026,2025-09-01,2025-11-07,False,No,Yes
VITEC,Software Engineering - Internship,https://bit.ly/4jeex88,,,True,Optional,No
Sportlight Technology,Software Intern Role,https://www.linkedin.com/jobs/view/4364291478/?utm_source=Trackr&utm_medium=tracker&utm_campaign=UK_Technology_2026,2026-01-19,2026-02-14,True,No,No
Graphcore,Intern 2026 - Software,https://bit.ly/4ecrRqi,,,,,
MongoDB,"2026 - Security Intern, Dublin",https://www.mongodb.com/careers/jobs/7375639,2026-01-27,,True,Optional,Optional
Schonfeld,2026 Software Engineer Summer Internship,https://job-boards.greenhouse.io/schonfeld/jobs/7308371?utm_source=Trackr&utm_medium=tracker&utm_campaign=UK_Technology_2026&gh_src=Trackr,2025-10-08,2026-01-27,True,Optional,No
Copper.co,Information Security Summer Internship,https://job-boards.eu.greenhouse.io/copperco/jobs/4739817101?utm_source=Trackr&utm_medium=tracker&utm_campaign=UK_Technology_2026&gh_src=Trackr,2026-01-14,2026-02-13,True,Optional,No
Quilter,Early Careers Programme - AI Summer Internship,https://quilter.wd3.myworkdayjobs.com/en-US/External-Career-Site/job/Early-Careers-Programme---AI-Summer-Internship_R5196?utm_source=Trackr&utm_medium=tracker&utm_campaign=UK_Technology_2026&source=Trackr,2026-01-12,2026-01-26,True,No,No
Motorola Solutions,Software Engineering Internship,https://motorolasolutions.wd5.myworkdayjobs.com/en-US/Careers/job/Glasgow-UK-ZUK118/Software-Engineering-Internship_R62644?utm_source=Trackr&utm_medium=tracker&utm_campaign=UK_Technology_2026&source=Trackr,2026-02-27,,True,,
The Walt Disney Company,Technology & IT Internships,https://bit.ly/3XkF3CJ,,,,,
Treefera,Treefera Internship Programme,https://jobs.ashbyhq.com/treefera/800f0bc8-ca10-4d6e-8b89-f9bc8867e63f?utm_source=Trackr&utm_medium=tracker&utm_campaign=UK_Technology_2026,2026-01-28,2026-02-25,True,Optional,Yes
Nuveen,Technology & Operations - Summer Intern,https://www.brightnetwork.co.uk/graduate-jobs/nuveen/technology-operations-summer-intern?search_id=9c0d366011c33d81c14407f19338a648&search_position=5&utm_source=Trackr&utm_medium=tracker&utm_campaign=UK_Technology_2026,2025-12-02,2025-12-19,True,No,Yes
Stripe,"Software Engineer, Intern",https://stripe.com/jobs/listing/software-engineer-intern/7360840?utm_source=Trackr&utm_medium=tracker&utm_campaign=UK_Technology_2026,2025-11-11,2026-02-14,True,Optional,Yes
Amazon,2026 Software Dev Engineer Intern,https://www.amazon.jobs/en/jobs/3072061/2026-software-dev-engineer-intern?utm_source=Trackr&utm_medium=tracker&utm_campaign=UK_Technology_2026,2025-10-21,,True,No,No
NXP Semiconductors,Internship - Software Engineering - 2026,https://bit.ly/3B2tFE2,,,,,
AstraZeneca,Digital & Data Internship,https://astrazeneca.eightfold.ai/careers/job/563877688176080?domain=astrazeneca.com&source=Trackr&utm_source=Trackr&utm_medium=tracker&utm_campaign=UK_Technology_2026,2026-01-06,2026-01-19,True,No,Yes
Capstone,2026 Summer Internship - Software Engineering,https://bit.ly/3ZGMqDD,,,True,Optional,No
Blockchain.com,Software Engineer Intern (6 months),https://www.linkedin.com/jobs/search/?utm_source=Trackr&utm_medium=tracker&utm_campaign=UK_Technology_2026&currentJobId=4367336298&f_C=3605159&f_E=1&f_PP=100495523&geoId=92000000&origin=JOB_SEARCH_PAGE_JOB_FILTER&sortBy=R,2026-01-29,,True,No,No
PA Consulting,2026 Summer Internship - Software & Controls Engineer,https://jobs.smartrecruiters.com/PAConsulting/744000087636255-2026-summer-internship-software-controls-engineer-cambridge-?utm_source=Trackr&utm_medium=tracker&utm_campaign=UK_Technology_2026&trid=Trackr&dcr_ci=Trackr,2025-10-13,2026-01-27,True,Optional,No
First Bank of Nigeria,2026 Summer Internship Programme,https://pod2.app.loxo.co/the-early-careers-company?utm_source=Trackr&utm_medium=tracker&utm_campaign=UK_Technology_2026,2026-01-20,2026-01-27,True,No,Yes
Cadence,Intern - Software Engineering,https://cadence.wd1.myworkdayjobs.com/en-US/External_Careers/details/Intern---Software-Engineering_R52067?Location_Country=29247e57dbaf46fb855b224e03170bc7&workerSubType=631f97c41c2749729ac5abe683f281d0&utm_source=Trackr&utm_medium=tracker&utm_campaign=UK_Technology_2026&source=Trackr,2026-01-08,2026-02-14,True,No,No
Oxford Nanopore Technologies,Software Developer Intern,https://ejnh.fa.em2.oraclecloud.com/hcmUI/CandidateExperience/en/sites/CX_1/job/2991/?utm_medium=tracker&utm_source=Trackr&utm_campaign=UK_Technology_2026&iis=Trackr&sType=Trackr,2026-01-06,2026-01-19,True,Optional,No
Hiscox,Technology Summer Internship,https://bit.ly/3Qx603w,,,True,No,Yes
RBC Capital Markets,2026 Summer Analyst - IT Engineering,https://rbccmgraduates.gtisolutions.co.uk/2026-summer-analyst---it-engineering/381/viewdetails?utm_source=Trackr&utm_medium=tracker&utm_campaign=UK_Technology_2026,2026-01-07,2026-01-23,True,Optional,No
Aquatic Capital Management,"Software Engineer, Intern (Summer 2026)",https://job-boards.greenhouse.io/aquaticcapitalmanagement/jobs/7990895002?utm_source=Trackr&utm_medium=tracker&utm_campaign=UK_Technology_2026&gh_src=Trackr,2025-08-26,2026-01-27,True,No,No
Leonardo,Summer Placement Software Engineer,https://careers.uk.leonardo.com/gb/en/search-results?keywords=%22summer+placement+software+engineer%22&utm_source=Trackr&utm_medium=tracker&utm_campaign=UK_Technology_2026,2025-10-20,,True,No,No
Palantir,"Software Engineer, Internship",https://jobs.lever.co/palantir?utm_source=Trackr&utm_medium=tracker&utm_campaign=UK_Technology_2026&lever-source=Trackr&commitment=Internship&location=London%2C+United+Kingdom,2025-08-01,,True,No,Yes
BNP Paribas,2026 Summer Internship - Technology,https://bwelcome.hr.bnpparibas/en_US/externalcareers/JobDetails?jobId=60554&utm_source=Trackr&utm_medium=tracker&utm_campaign=UK_Technology_2026&source=Trackr,2025-08-12,2025-09-16,True,No,No
MBDA,Software Engineering - Summer Placement 2026,https://mbda.wd3.myworkdayjobs.com/en-US/MBDA-UK/job/Software-Engineering---Summer-Placement-2026_R29488?utm_source=Trackr&utm_medium=tracker&utm_campaign=UK_Technology_2026&source=Trackr,2025-09-25,2026-01-06,False,No,Yes
Marshall Wace,Technology Intern - 2026,https://job-boards.greenhouse.io/mwinternshipprogram/jobs/7998360002?utm_source=Trackr&utm_medium=tracker&utm_campaign=UK_Technology_2026&gh_src=Trackr,2025-08-28,,True,Optional,Yes
IMC Trading,Software Engineer Intern (2026),https://job-boards.eu.greenhouse.io/imc?departments%5B%5D=4023812101&offices%5B%5D=4012436101&keyword=intern&utm_source=Trackr&utm_medium=tracker&utm_campaign=UK_Technology_2026&gh_src=Trackr,2025-08-28,,True,Optional,No
Copper.co,Technical Summer Internship 2026,https://bit.ly/4hvOszG?utm_source=Trackr&utm_medium=tracker&utm_campaign=careers,,,True,Optional,Yes
Bumble,Software Engineering Summer Internship (3 months),https://bit.ly/40JW3oG,,,True,No,No
JetBrains,Internship Projects Summer/Fall 2026,https://jb.gg/trackr,2026-03-04,2026-03-16,True,No,Yes
Bank of America,"Quantitative Data Analytics, Summer 2026 Analyst",https://bankcampuscareers.tal.net/vx/lang-en-GB/mobile-0/brand-4/user-4698662/xf-3fa8353e9d47/candidate/so/pm/1/pl/1/opp/13242-Global-Quantitative-Data-Analytics-Summer-2026-Analyst-London/en-GB,2025-09-01,2025-10-05,True,No,Yes
Thought Machine,Software Engineering Intern,https://jobs.ashbyhq.com/thought-machine/367a97c3-a78e-485b-82c9-80fe5a6c5c1e?utm_source=Trackr&utm_medium=tracker&utm_campaign=UK_Technology_2026,2026-03-06,2026-03-20,True,Optional,No
Citadel,Software Engineer - Intern (Europe),https://www.citadel.com/careers/details/software-engineer-intern-europe/?utm_source=Trackr&utm_medium=tracker&utm_campaign=UK_Technology_2026,2025-08-12,,True,Yes,No
Frontier Economics,2026 Junior Data Scientist Internship,https://frontiereconomics.wd3.myworkdayjobs.com/Frontier_Economics_Careers/job/London/XMLNAME-2026-Junior-Data-Scientist-Internship---London_JR10206?utm_source=Trackr&utm_medium=tracker&utm_campaign=UK_Technology_2026&source=Trackr,2026-02-04,2026-03-02,True,,
NatWest Markets,Engineering - Internship,https://rbs.wd3.myworkdayjobs.com/en-US/RBS/jobs?jobFamilyGroup=fd2c157204cd017f69bbe493c30c681d&jobFamilyGroup=fd2c157204cd01ca4684e693c30c701d&workerSubType=fd2c157204cd01c1e4c39a94be0cba09&utm_source=Trackr&utm_medium=tracker&utm_campaign=UK_Technology_2026&source=Trackr,2025-09-24,,True,No,No
Ocado Group,Software Engineering Intern - Summer,https://bit.ly/3AZ5fep,,,True,Optional,Yes
Cogna,Software Engineer Intern (2026 Cohort),https://apply.workable.com/cogna/j/BE83D6BC7F/?utm_source=Trackr&utm_medium=tracker&utm_campaign=UK_Technology_2026,2025-08-06,2026-01-27,True,Optional,No
Nvidia,"Software Engineering Intern, Networking Software",https://nvidia.wd5.myworkdayjobs.com/en-US/nvidiaexternalcareersite/job/Software-Engineering-Intern--Networking-Software_JR2005702?utm_source=Trackr&utm_medium=tracker&utm_campaign=UK_Technology_2026&source=Trackr,2025-10-17,2025-11-01,True,No,No
Gearset,Software Engineering Intern 2026,https://jobs.lever.co/gearset/?commitment=Internship&utm_source=Trackr&utm_medium=tracker&utm_campaign=UK_Technology_2026&lever-source=Trackr,2025-10-13,2025-11-08,True,Optional,No
BT,Software Engineering Graduate,https://jobs.bt.com/BT/job/Riverside-Tower-Digital-Software-Engineering-Graduate-Belfast-Belf/1351717857/&src=JB-12000&src=JB-12000?utm_source=Trackr&utm_medium=tracker&utm_campaign=UK_Technology_2026,2026-02-02,2026-02-14,True,,
HSBC,Digital Business Services - Summer Internship 2025-2026,https://bit.ly/43grzdo,,,True,No,No
Jefferies,2026 Information Technology Summer Internship,https://bit.ly/3Mh852e,,,True,No,Yes
KLA,Summer Intern - Software Engineering,https://kla.wd1.myworkdayjobs.com/en-US/Search/job/Newport-United-Kingdom/Summer-Intern---Software-Engineering_2531484?utm_source=Trackr&utm_medium=tracker&utm_campaign=UK_Technology_2026&source=Trackr,,,True,No,No
Jane Street,Software Engineer Internship,https://www.janestreet.com/join-jane-street/open-roles/?type=students-and-new-grads&location=london&department=technology&duration=june-september&utm_source=Trackr&utm_medium=tracker&utm_campaign=UK_Technology_2026,2025-08-04,,True,No,Yes
Niantic,2026 Software Engineering Intern,https://bit.ly/40daS2Y,,,True,Optional,Yes
Hayfin Capital Management,Technology Intern,https://bit.ly/3uxNfVk,,,True,Yes,No
Runna,"Software Engineering Intern, App",https://jobs.ashbyhq.com/runna/0be60bb2-d632-4321-a2b1-7bbcbe183b28?utm_source=Trackr&utm_medium=tracker&utm_campaign=UK_Technology_2026,2026-03-06,2026-04-02,True,Yes,Yes
HP,Software Engineer Intern,https://bit.ly/47ro6Lf,,,,,
Severn Trent,Technology Summer Placement,https://www.careers.severntrent.com/search/?utm_source=Trackr&utm_medium=tracker&utm_campaign=UK_Technology_2026&createNewAlert=false&q=summer&optionsFacetsDD_department=Technology,2025-11-27,2026-01-27,True,Optional,No
Talos,Client Service Intern,https://jobs.ashbyhq.com/Talos-Trading/e689b2bd-c99a-4d87-a9ac-bf9aefc35513?utm_source=Trackr&utm_medium=tracker&utm_campaign=UK_Technology_2026,2025-08-22,2025-12-06,True,No,Yes
McLaren,IT Internship Scheme,https://bit.ly/3XptqKF,,,,,
QinetiQ,IT Engineer - Summer Placement,https://bit.ly/3XgwHfi,,,True,Yes,No
Udemy,"Software Engineer Intern, Dublin",https://app.careerpuck.com/job-board/udemy/job/5809838004?gh_jid=5809838004&utm_source=Trackr&utm_medium=tracker&utm_campaign=UK_Technology_2026&gh_src=Trackr,2026-03-01,,True,,
Red Bull,Field Data Intern,https://jobs.redbull.com/int-en/london-field-data-intern-ref28510q?utm_source=Trackr&utm_medium=tracker&utm_campaign=UK_Technology_2026,2026-03-02,2026-03-29,True,,
Riverlane,Summer Internship 2026,https://apply.workable.com/riverlane/?utm_source=Trackr&utm_medium=tracker&utm_campaign=UK_Technology_2026,2025-10-06,2025-11-16,True,Yes,No
Allianz Insurance,Summer Intern 2026,https://careers.allianz.com/global/en/job/87813/Allianz-Summer-Intern-2026?utm_source=Trackr&utm_medium=tracker&utm_campaign=UK_Technology_2026,2025-12-22,2026-02-14,,,
Blackstone,2026 Software Developer Summer Analyst,https://blackstone.wd1.myworkdayjobs.com/en-US/Blackstone_Campus_Careers/job/XMLNAME-2026-Blackstone-Technology---Innovations---Software-Developer-Summer-Analyst_39475?utm_source=Trackr&utm_medium=tracker&utm_campaign=UK_Technology_2026&source=Trackr,2025-09-26,2026-01-27,True,No,No
Capital One,Technology Intern,https://bit.ly/46dbd62,,,True,No,No
Squarespace,Software Engineering Intern - Summer 2026 (Dublin),https://www.squarespace.com/careers/jobs/7589065?utm_source=Trackr&utm_medium=tracker&utm_campaign=UK_Technology_2026,2026-02-04,,True,Optional,No
Clear-Com, Software Engineering Intern,https://hmeukg.rec.pro.ukg.net/HME1500HMEN/JobBoard/616b8ff0-9933-405d-9892-26f121d3a657/OpportunityDetail?opportunityId=f9a54817-2402-4b82-8057-3d0c17b7a258&utm_source=Trackr&utm_medium=tracker&utm_campaign=UK_Technology_2026,2026-01-16,,True,No,No
Gresham Investment Management,Quantitative Developer Summer Internship,https://www.linkedin.com/jobs/view/4366745447/?utm_source=Trackr&utm_medium=tracker&utm_campaign=UK_Technology_2026,2026-01-28,2026-02-14,True,No,No
L.E.K. Consulting,2026 Data & Analytics Summer Internship,https://lek.tal.net/vx/lang-en-GB/mobile-0/appcentre-1/brand-2/xf-ca8ef72fc76e/candidate/so/pm/1/pl/1/opp/3862-2026-Data-Analytics-Summer-Internship/en-GB?utm_source=Trackr&utm_medium=tracker&utm_campaign=UK_Technology_2026,2025-10-30,2026-01-04,True,No,No
Redgate,Software Engineer Internship 2026,https://jobs.ashbyhq.com/red-gate/d28def69-f0c2-462f-a165-7193cfd7ec7a?utm_source=Trackr&utm_medium=tracker&utm_campaign=UK_Technology_2026,2025-10-21,2025-12-12,True,Optional,No
Deliveroo,Software Engineer Intern,https://jobs.ashbyhq.com/deliveroo/3e0440a9-7abc-45b0-8520-d3e13083d0f3?utm_source=Trackr&utm_medium=tracker&utm_campaign=UK_Technology_2026,2026-02-26,,True,No,No
Convex Insurance,Experiments (Data Science / Engineer) - Summer Intern,https://bit.ly/3EhRVDM?utm_source=Trackr&utm_medium=tracker&utm_campaign=careers,,,True,No,Yes
SparkLayer,Software Engineer (Summer Intern),https://sparklayer.notion.site/26addfba557a80d2b9a8e0e01c76669c?utm_source=Trackr&utm_medium=tracker&utm_campaign=UK_Technology_2026,2025-09-15,2025-10-26,True,No,Yes
AVEVA,Software Developer Intern,https://aveva.wd3.myworkdayjobs.com/en-US/AVEVA_careers?q=%22software%22&locationCountry=29247e57dbaf46fb855b224e03170bc7&jobFamilyGroup=e9bca035b1a61000fb16def661ec0000&workerSubType=dcfa1dc945c3011c43031152a31aa40b&utm_source=Trackr&utm_medium=tracker&utm_campaign=UK_Technology_2026&source=Trackr,2025-12-16,2026-02-14,True,No,Yes
Onestream,Summer Intern,https://recruiting.ultipro.com/ONE1018ONSO/JobBoard/1955ffa6-bda6-4c95-8412-2c731d693ab2/?utm_source=Trackr&utm_medium=tracker&utm_campaign=UK_Technology_2026&q=intern&o=relevance&f4=hywDYEJGflC6M3_fV-J8YA+r2zKgOjG-VmiOFkVR7moXg+xc4ZVDQFJkmisiiakCMGGA+H4suEk9H91-Oi9zutazecA,2025-11-06,2026-01-27,True,Optional,No
Compare The Market,Data Intern,https://ebet.fa.em3.oraclecloud.com/hcmUI/CandidateExperience/en/sites/MK/job/100165/?utm_medium=tracker&utm_source=Trackr&utm_campaign=UK_Technology_2026&iis=Trackr&sType=Trackr,2026-02-17,2026-03-09,True,Optional,No
Legal & General,Data Internship 2026,https://jobs.smartrecruiters.com/LegalAndGeneral/744000114718136-intern-data-programme-london-2026?utm_source=Trackr&utm_medium=tracker&utm_campaign=UK_Technology_2026&trid=Trackr&dcr_ci=Trackr,2026-03-13,,True,,
Figma,"Software Engineer Intern, Developer Tools (2026)",https://job-boards.greenhouse.io/figma/jobs/5621177004?utm_source=Trackr&utm_medium=tracker&utm_campaign=UK_Technology_2026&gh_src=Trackr&gh_jid=5621177004,2025-09-08,,True,No,Yes
Binome,AI Engineer Intern,https://www.linkedin.com/jobs/view/4389755714/?utm_source=Trackr&utm_medium=tracker&utm_campaign=UK_Technology_2026,2026-03-25,,True,No,Yes
Nutanix,Software Engineer Intern,https://careers.nutanix.com/en/jobs/30343/software-engineer-intern/?utm_source=Trackr&utm_medium=tracker&utm_campaign=UK_Technology_2026,2025-10-20,2025-11-21,True,Optional,Yes
Houlihan Lokey,"IT Governance, Risk & Cybersecurity Internship - Summer 2026",https://hl.wd1.myworkdayjobs.com/Corporate/job/London-UK/IT-Governance--Risk---Cybersecurity-Internship---Summer-2026_R3025?utm_source=Trackr&utm_medium=tracker&utm_campaign=UK_Technology_2026&source=Trackr,2026-02-04,,True,,
Wincent,Engineers – Internship 2026,https://www.wincent.com/careers/engineers-internship-2026?utm_source=Trackr&utm_medium=tracker&utm_campaign=UK_Technology_2026,2026-02-26,,True,No,No
Mastercard,"Intern, Technology Risk Management",https://careers.mastercard.com/us/en/job/MASRUSR256653EXTERNALENUS/Intern-Technology-Risk-Management?utm_source=Trackr&utm_medium=tracker&utm_campaign=UK_Technology_2026,2026-01-27,,True,,
Arm,Software Intern,https://careers.arm.com/search-jobs/software%20intern?orgIds=33099&kt=1&glat=1.3569400310516357&glon=103.82472229003906,2025-09-22,2025-10-22,True,No,No
Textron,2026 IT Summer Internship,https://bit.ly/47nDloI,,,True,Optional,Yes
KPMG,Vacation Technology - Technology Consulting,https://bit.ly/3m6oR9v?utm_source=Trackr&utm_medium=tracker&utm_campaign=careers,,,,,
Coinbase,Software Engineer Intern,https://www.coinbase.com/en-gb/careers/positions/7370475?gh_jid=7370475&utm_source=Trackr&utm_medium=tracker&utm_campaign=UK_Technology_2026&gh_src=Trackr,2025-11-07,2026-02-14,True,Optional,Yes
Apple,Intern Software Engineer,https://jobs.apple.com/en-gb/details/200634161-2114/intern-software-engineer-london-ase?utm_source=Trackr&utm_medium=tracker&utm_campaign=UK_Technology_2026,2025-12-10,2026-01-27,True,Optional,No
Ithaca Energy,Data Science Intern,https://ithacaenergyuklimited.peoplehr.net/Pages/JobBoard/Opening.aspx?v=a1b88b5e-a8de-47ad-81e0-5f9c97f01c96&utm_source=Trackr&utm_medium=tracker&utm_campaign=UK_Technology_2026,2026-03-20,2026-03-30,True,No,No
Phasecraft,Quantum Software Intern,https://apply.workable.com/phasecraft-1/?lng=en&utm_source=Trackr&utm_medium=tracker&utm_campaign=UK_Technology_2026#jobs,2025-12-19,2026-02-08,True,Yes,No
American Express,Campus - Technology Operations Engineering Intern,https://aexp.eightfold.ai/careers/job/39765754?utm_source=Trackr&utm_medium=tracker&utm_campaign=UK_Technology_2026,2026-01-29,,True,,
Pexip,Software Engineer Interns - Internship Summer 2026,https://pexip.bamboohr.com/careers/600?utm_source=Trackr&utm_medium=tracker&utm_campaign=UK_Technology_2026&source=Trackr,2025-10-20,2026-01-27,True,No,No
Viator,Software Engineering Internship 2026,https://job-boards.greenhouse.io/tripadvisor?offices%5B%5D=2765&offices%5B%5D=3576&keyword=internship&utm_source=Trackr&utm_medium=tracker&utm_campaign=UK_Technology_2026&gh_src=Trackr,2026-01-07,2026-01-27,True,No,No
Visa,Software Engineer Intern,https://jobs.smartrecruiters.com/Visa/744000088590905-software-engineer-intern?trid=Trackr&utm_source=Trackr&utm_medium=tracker&utm_campaign=UK_Technology_2026&dcr_ci=Trackr,2025-10-17,2026-01-27,True,Optional,No
Man Group,2026 Summer Technology Internship Programme,https://job-boards.eu.greenhouse.io/mangroup/jobs/4694320101?utm_source=Trackr&utm_medium=tracker&utm_campaign=UK_Technology_2026&gh_src=Trackr,2025-10-16,2025-11-14,True,Optional,No
Snyk,Software Engineer Intern,https://snyk.wd103.myworkdayjobs.com/External/job/United-Kingdom---London-Office/Software-Engineer-Intern_JR100496?utm_source=Trackr&utm_medium=tracker&utm_campaign=UK_Technology_2026&source=Trackr,2026-03-29,,True,Optional,No
BlackRock,2026 Summer Internship Programme,https://blackrock.tal.net/vx/lang-en-GB/mobile-0/brand-3/user-1735377/xf-d85d6b29451d/candidate/so/pm/1/pl/1/opp/9617-2026-Summer-Internship-Programme-EMEA/en-GB?utm_source=Trackr&utm_medium=tracker&utm_campaign=UK_Technology_2026,2025-07-01,2025-10-24,True,No,No
EY,Technology Summer Internship - 2026,https://ukstudents.ey.com/?jobs=%26program%5B%5D%3D41%26sub-business-area%5B%5D%3D354%26sub-business-area%5B%5D%3D79%26sub-business-area%5B%5D%3D61&paged=4&utm_source=Trackr&utm_medium=tracker&utm_campaign=UK_Technology_2026,2025-09-18,2026-01-27,True,No,No
BP,Summer Internship - Digital,https://bit.ly/3zsSC7A?utm_source=Trackr&utm_medium=tracker&utm_campaign=careers,,,True,No,No
Squarepoint Capital,Intern Software Development - Summer 2026,https://www.squarepoint-capital.com/open-opportunities?id=7231006&gh_jid=7231006&utm_source=Trackr&utm_medium=tracker&utm_campaign=UK_Technology_2026&gh_src=Trackr,2025-12-04,,True,Optional,Yes
TTP,Consultant Software Engineer Summer Internship,https://jobs.smartrecruiters.com/TTP1/744000083951065-consultant-software-engineer-summer-internship?utm_source=Trackr&utm_medium=tracker&utm_campaign=UK_Technology_2026&trid=Trackr&dcr_ci=Trackr,2025-09-26,2025-11-07,True,No,No
TE Connectivity,Software Engineer Intern,https://careers.te.com/job/SOFTWARE-ENGINEER-INTERN/149133-en_US?utm_source=Trackr&utm_medium=tracker&utm_campaign=UK_Technology_2026,2026-03-11,,True,Optional,No
BAE Systems,Summer Internship - Software Engineer,https://jobsearch.baesystems.com/search-and-apply?_search=%22summer+internship%22&utm_source=Trackr&utm_medium=tracker&utm_campaign=UK_Technology_2026,2025-09-15,2026-01-27,False,No,No
HME,Software Engineering Intern,https://bit.ly/4emR0i8,,,,,
eBay,"SWE Intern, Dublin (6 months)",https://jobs.ebayinc.com/us/en/job/EBAEBAUSR0071105EXTERNALENUS/Intern-SWE-Data-Platforms?utm_source=Trackr&utm_medium=tracker&utm_campaign=UK_Technology_2026,2026-01-27,2026-02-14,True,,
National Gas,Cyber Security Internship,https://jobs.nationalgas.com/job/Warwick-Cyber-Security-Internship-CV34-6DA/1337179755/?utm_source=Trackr&utm_medium=tracker&utm_campaign=UK_Technology_2026,2026-01-19,2026-01-25,True,,
STMicroelectronics,Intern - Machine Learning & AI,https://stmicroelectronics.eightfold.ai/careers/job/563637170299672?utm_source=Trackr&utm_medium=tracker&utm_campaign=UK_Technology_2026,2026-04-13,,True,Optional,No
Barclays,Technology Summer Internship Programme 2026,https://barclays.wd3.myworkdayjobs.com/en-US/External_Career_Site_Barclays/jobs?q=%27technology%27&workerSubType=6139d325cdcc1001a72ceb63d5d60001&locations=1ab48a98eb7c1001633eb0711e740000&locations=1ab48a98eb7c1001634150c091430000&locations=1ab48a98eb7c100163411a1947370000&locations=1ab48a98eb7c1001633623b929e80000&locations=112c0542820110016374787e181e0000&locations=1ab48a98eb7c10016341f1b145a90000&locations=1ab48a98eb7c1001633ecfadb9d70000,2025-09-15,2026-01-27,True,Optional,No
Convergent,Software Engineer Intern,https://www.linkedin.com/jobs/view/4364084347/?utm_source=Trackr&utm_medium=tracker&utm_campaign=UK_Technology_2026,2026-01-19,,True,No,No
Optiver,Software Engineer Internship (2026 Start),https://default.optiver.reallinks.app/public/job/MzgxMjM0MGMxNTIzZDRjNzBlODZjY2JlNWQwZGQxZDQ1M2FlNjZlNGQ5OGU4ODU1?eventId=ZmFjYTNlZGItY2RlMi00ZTRjLThjMzYtMmEzMjQ4MjcxZGMx&image=ZTM2ZTBkMDctYjY5NC00N2FlLWFiZGYtZDcxZGMwYzBkOGZj,2025-08-25,2026-01-27,True,No,No
Verisk,Tech - 2026 Summer Internship Program,https://bit.ly/3ZjLNTN,,,True,Optional,No
UnlikelyAI,Machine Learning Engineer Intern,https://jobs.ashbyhq.com/unlikelyai/8d50b0a8-0f5c-403e-8629-917d8b8430d2?utm_source=Trackr&utm_medium=tracker&utm_campaign=UK_Technology_2026,2026-02-20,2026-03-20,True,No,Yes
Speechmatics,ML Software Engineering Internship,https://bit.ly/3Zqwzwn,,,True,,
AXA,Intern (IDA - Data Science and AI),https://careers.axa.com/careers-home/jobs/7615?lang=en-us&previousLocale=en-US&utm_source=Trackr&utm_medium=tracker&utm_campaign=UK_Technology_2026,2025-11-20,2025-11-30,True,No,No
Julius Baer,Data Analytics & Business Management Intern,https://juliusbaer.wd3.myworkdayjobs.com/en-US/External/jobs?q=data+intern&Location_Country=29247e57dbaf46fb855b224e03170bc7&utm_source=Trackr&utm_medium=tracker&utm_campaign=UK_Technology_2026&source=Trackr,2026-03-16,,True,,
Confluent,2026 Software Engineering Intern Opportunity,https://careers.confluent.io/jobs/job/095d92fe-7534-4f49-a846-b63ca229731b?utm_source=Trackr&utm_medium=tracker&utm_campaign=UK_Technology_2026,2025-08-06,2026-01-27,True,No,No
Ripple,Software Engineer Intern (Summer),https://ripple.com/careers/all-jobs/?location=London%2C+UK&type=Intern&utm_source=Trackr&utm_medium=tracker&utm_campaign=UK_Technology_2026&gh_src=Trackr,2025-12-16,2026-01-27,True,Optional,No
eSourcing Data,Software Development Intern (Summer),https://www.linkedin.com/jobs/view/4377380349?utm_source=Trackr&utm_medium=tracker&utm_campaign=UK_Technology_2026,2026-03-02,,False,No,No
NCR Atleos,Software Internship - Summer 2026 (12 Weeks),https://ncratleos.wd1.myworkdayjobs.com/en-US/ext_non_usalteos/details/Software-Internship---Summer-2026--12-Weeks-_R1150348?utm_source=Trackr&utm_medium=tracker&utm_campaign=UK_Technology_2026&source=Trackr&q=%27internship%27&Location_Country=29247e57dbaf46fb855b224e03170bc7&workerSubType=7faba66820ac107220437a0217412090,2025-10-06,,True,No,No
Zurich Insurance,Summer Internship 2026,https://www.careers.zurich.com/search/?utm_source=Trackr&utm_medium=tracker&utm_campaign=UK_Technology_2026&createNewAlert=false&q=internship&locationsearch=GB&optionsFacetsDD_department=Information+Technology,2025-09-10,2025-10-26,True,Optional,No
Sky,Software Development Internship,https://bit.ly/3wBoVTn,,,False,No,No
NFU Mutual,IT Summer Internship Programme,https://careers.nfumutual.co.uk/jobs/IT-Summer-Internship-Programme-341793?utm_source=Trackr&utm_medium=tracker&utm_campaign=UK_Technology_2026,2026-02-27,2026-03-13,True,Optional,Yes
Deductive AI,Software Engineer Intern,https://bit.ly/3Z6P9rx,,,True,No,No
OakNorth,AI Innovation Intern,https://oaknorth.co.uk/jobs/description/?id=47ddb59a-8ff4-4c6f-95c8-fe5bd87c04e1&source=Trackr&utm_source=Trackr&utm_medium=tracker&utm_campaign=UK_Technology_2026,2025-12-15,2026-01-27,True,No,Yes
Hiscox,2026 Summer Intern,https://hiscox.wd3.myworkdayjobs.com/en-US/Hiscox_External_Site/jobs?q=data&workerSubType=c56dbe26655f109123eba640f6d1a3b0&utm_source=Trackr&utm_medium=tracker&utm_campaign=UK_Technology_2026&source=Trackr,2026-03-18,,True,No,Yes
The Trade Desk,2026 Summer Intern - Software Engineer,https://careers.thetradedesk.com/jobs/4784540007/2026-london-software-engineering-internship?utm_source=Trackr&utm_medium=tracker&utm_campaign=UK_Technology_2026&gh_src=Trackr,2025-07-29,2026-01-27,True,Optional,Yes
UBS,2026 Summer Internship Program - GOTO Technology,https://jobs.ubs.com/TGnewUI/Search/home/HomeWithPreLoad?partnerid=25008&siteid=5131&PageType=JobDetails&jobid=330522&utm_source=Trackr&utm_medium=tracker&utm_campaign=UK_Technology_2026,2025-09-01,2025-10-31,True,No,Yes
Fleek,Software Engineering Intern (London-based),https://www.ycombinator.com/companies/fleek/jobs/lGtFTVa-software-engineering-intern-london-based?utm_source=Trackr&utm_medium=tracker&utm_campaign=UK_Technology_2026,2025-09-26,2026-02-14,True,No,Yes
D.E. Shaw,Systems: Engineering Intern - Summer 2026,https://bit.ly/3Mb40MW?utm_source=Trackr&utm_medium=tracker&utm_campaign=careers,,,True,No,Yes
TD Securities,Intern Tech Summer Programme 2026,https://bit.ly/3McN4FT,,,,,
UK Atomic Energy Authority,Software Engineering - Summer Placement 2026,https://bit.ly/4d5uuZS,,,True,No,Yes
S&P Global,Data Engineer Summer Intern,https://careers.spglobal.com/jobs?keywords=Data%20Intern&location=United%20Kingdom&stretch=10&stretchUnit=MILES&sortBy=relevance&page=1,2026-01-27,,True,,
Point72,"2026 Summer Internship – Data Engineer, Long/Short Equities",https://job-boards.greenhouse.io/point72/jobs/8183047002?gh_jid=8183047002&utm_source=Trackr&utm_medium=tracker&utm_campaign=UK_Technology_2026&gh_src=Trackr,2025-09-24,,True,Optional,No
Arch Insurance International,IT Summer Internship - 2026,https://archgroup.wd1.myworkdayjobs.com/en-US/Careers/jobs?q=%27summer+internship%27&locationCountry=29247e57dbaf46fb855b224e03170bc7&workerSubType=2c14c19200e101019813042e39800000&utm_source=Trackr&utm_medium=tracker&utm_campaign=UK_Technology_2026&source=Trackr,2025-10-06,2026-01-31,True,No,Yes
Galaxy,2026 Blockchain Engineering Intern,https://bit.ly/3Ek8uM6,,,True,Optional,Yes
Harbor,Summer Intern - Legal Technology + Operations,https://harborglobal.com/careers/jobs/summer-intern---legal-technology---operations-4983741007/?utm_source=Trackr&utm_medium=tracker&utm_campaign=UK_Technology_2026,2025-11-18,2026-01-27,True,Optional,No
Genuit Group,Summer Intern - IT,https://bit.ly/4fgoEH7,,,True,No,No
London Stock Exchange Group,Engineering Summer Internship Programme (2026),https://lseg.wd3.myworkdayjobs.com/en-US/Graduate_Careers/job/London-United-Kingdom/Engineering-Summer-Internship-Programme--2026-_R0111538-1?utm_source=Trackr&utm_medium=tracker&utm_campaign=UK_Technology_2026&source=Trackr,2025-09-12,2025-11-28,True,No,No
Quantbot Technologies,Data Trading Analyst Summer Internship - 2026,https://www.quantbot.com/careers/internships/?gh_jid=4021306009&utm_source=Trackr&utm_medium=tracker&utm_campaign=UK_Technology_2026&gh_src=Trackr,2025-09-18,2025-12-06,True,Optional,No
Climate Policy Initiative,Data Science Intern,https://climatepolicy.bamboohr.com/careers/436?utm_source=Trackr&utm_medium=tracker&utm_campaign=UK_Technology_2026&source=Trackr,2026-03-13,2026-03-16,True,,
Brevan Howard,2026 Summer Internship – Systematic Data Engineering,https://wd3.myworkdaysite.com/en-US/recruiting/brevanhoward/BH_ExternalCareers/job/XMLNAME-2026-Summer-Internship---Systematic-Data-Engineering--London_JR101274?utm_source=Trackr&utm_medium=tracker&utm_campaign=UK_Technology_2026,2025-11-21,2026-01-27,True,No,No
Arctic Lake,Software Engineer Intern,https://arcticlake.com/careers/software-engineer-intern?utm_source=Trackr&utm_medium=tracker&utm_campaign=UK_Technology_2026,2026-02-20,,True,No,No
Rothesay,Internship - Software Engineering,https://job-boards.greenhouse.io/rothesaygraduates/jobs/8200814002?utm_source=Trackr&utm_medium=tracker&utm_campaign=UK_Technology_2026&gh_src=Trackr,2025-10-08,2025-11-07,True,Yes,No
Checkout.com,"Intern, Data Analytics",https://checkout.wd3.myworkdayjobs.com/en-GB/CheckoutCareers/job/London/Intern--Data-Analytics_R8568?utm_source=Trackr&utm_medium=tracker&utm_campaign=UK_Technology_2026&source=Trackr,2026-01-27,2026-02-14,True,,
Maven Securities,Software Developer Summer Internship 2026,https://job-boards.greenhouse.io/emergingtalent/jobs/6560482?gh_src=Trackr,2025-09-08,2026-01-27,True,No,No
Bose,Audio Machine Learning Research Intern,https://boseallaboutme.wd503.myworkdayjobs.com/Bose_Careers/job/US-MA---Framingham/Audio-Machine-Learning-Research-Co-op_R28313?utm_source=Trackr&utm_medium=tracker&utm_campaign=UK_Technology_2026&source=Trackr,2026-01-21,2026-01-27,True,,
PGIM,Technology Internship Program,https://pru.wd5.myworkdayjobs.com/en-US/Careers/job/London-United-Kingdom/PGIM-London---Technology-Internship-Program_R-122309-1?utm_source=Trackr&utm_medium=tracker&utm_campaign=UK_Technology_2026&source=Trackr,2025-10-21,2026-01-27,True,Yes,No
Trayport,Software Developer - Summer Intern,https://tmx.wd3.myworkdayjobs.com/en-US/Trayport_Careers/jobs?q=Summer+Intern&source=Trackr&locations=6002e31d77d51000a7b037499f750000&utm_source=Trackr&utm_medium=tracker&utm_campaign=UK_Technology_2026,2026-02-02,2026-02-14,True,,
Snap,Machine Learning Engineering Intern,https://wd1.myworkdaysite.com/en-US/recruiting/snapchat/snap/job/Machine-Learning-Engineering-Intern_R0045123?utm_source=Trackr&utm_medium=tracker&utm_campaign=UK_Technology_2026,2026-04-03,,True,No,No
ICE,Summer Internship Program - Developer,https://bit.ly/4fSgNzd,,,True,No,Yes
GSA Capital,Software Developer - Intern,https://boards.greenhouse.io/embed/job_app?for=gsacapital&token=8016008002&utm_source=Trackr&utm_medium=tracker&utm_campaign=UK_Technology_2026&gh_src=Trackr,2025-07-15,2025-09-16,True,Optional,No
Crowdstrike,Intern - Summer 2026,https://crowdstrike.wd5.myworkdayjobs.com/en-GB/crowdstrikecareers?locationCountry=29247e57dbaf46fb855b224e03170bc7&workerSubType=f79adfd173da01f3129fd137e373b210&utm_source=Trackr&utm_medium=tracker&utm_campaign=UK_Technology_2026&source=Trackr,2025-08-19,2026-01-27,True,No,Yes
Renishaw,Software Summer Internship,https://bit.ly/3Bd2Vk3,,,,,
Parexel,AI Summer Intern ,https://jobs.parexel.com/en/job/-/-/877/92302418528?utm_source=Trackr&utm_medium=tracker&utm_campaign=UK_Technology_2026,2026-03-03,,True,,
Meta,Software Engineer Intern,https://www.metacareers.com/jobs/1177716950861965/?utm_source=Trackr&utm_medium=tracker&utm_campaign=UK_Technology_2026,2025-09-17,2026-01-27,True,Optional,No
Arbuthnot Latham,Internship 2026 - IT Service Delivery,https://careers.arbuthnotlatham.co.uk/vacancies/2475/internship-2026--it-service-delivery.html?utm_source=Trackr&utm_medium=tracker&utm_campaign=UK_Technology_2026,2025-09-29,2025-11-07,True,No,No
Susquehanna International Group,Software Development Internship: Summer 2026,https://careers.sig.com/job/9727/Software-Development-Internship-Summer-2026?utm_source=Trackr&utm_medium=tracker&utm_campaign=UK_Technology_2026,2025-08-26,2026-01-27,True,No,No
BT,Summer Placement - Research & Network Strategy,https://bit.ly/3ZlzOoK,,,True,Yes,No
Tencent,Data Science Intern,https://tencent.wd1.myworkdayjobs.com/en-US/Tencent_Careers/job/Netherlands-Amsterdam/Data-Analyst-Intern_R107228?source=Trackr&utm_source=Trackr&utm_medium=tracker&utm_campaign=UK_Technology_2026,2026-03-29,,True,,
General Electric,GE Vernova - Data Analyst Intern,https://careers.gevernova.com/data-analyst-intern-competency-management/job/R5029366?utm_source=Trackr&utm_medium=tracker&utm_campaign=UK_Technology_2026,2026-01-23,2026-02-14,True,,
Bristol Myers Squibb,"Intern, Statistical Programming",https://jobs.bms.com/careers/job/137478291168?domain=bms.com&hl=en&microsite=bms.com&utm_source=Trackr&utm_medium=tracker&utm_campaign=UK_Technology_2026,2025-12-19,2026-02-14,,,
J.P. Morgan,2026 Software Engineer Immersion Program - Summer Internship,https://jpmc.fa.oraclecloud.com/hcmUI/CandidateExperience/en/sites/CX_1001/job/210653529/?utm_medium=tracker&utm_source=Trackr&utm_campaign=UK_Technology_2026&iis=Trackr&sType=Trackr,2025-08-31,2025-11-02,True,Optional,No
T. Rowe Price,Global Technology Internship Program - 2026,https://bit.ly/40HQtRg,,,True,No,No
Dow Jones,Summer 2026 Internship – Data Analyst Intern,https://dowjones.wd1.myworkdayjobs.com/en-US/Dow_Jones_Career/jobs/details/Summer-2026-Internship---Data-Analyst-Intern--Aromatics-_Job_Req_51016?q=%27summer+2026+internship%27&locations=9d385a9a002e10339a3fddc5c9da6cdd&utm_source=Trackr&utm_medium=tracker&utm_campaign=UK_Technology_2026&source=Trackr,2026-01-12,2026-02-27,True,Yes,No
Allstate,Data Analytics Engineer Internship (Summer 2026),https://bit.ly/3Y8jtTr?utm_source=Trackr&utm_medium=tracker&utm_campaign=careers,,,True,No,No
British Business Bank,Summer Internship Programme 2026,https://careers.british-business-bank.co.uk/postings/c69ec891-a982-4c09-8ef6-b44927055fb8?utm_source=Trackr&utm_medium=tracker&utm_campaign=UK_Technology_2026,2026-02-04,,True,No,Yes
Cboe Global Markets,Intern - DPE (Data Pipeline Engineering),https://careers.cboe.com/us/en/job/CBJCGMUSR4323EXTERNALENUS/Intern-DPE?utm_source=Trackr&utm_medium=tracker&utm_campaign=UK_Technology_2026,2026-03-06,,True,,
SLB,Software Engineer Intern (3 months),https://careers.slb.com/job-listing?utm_source=Trackr&utm_medium=tracker&utm_campaign=UK_Technology_2026,2025-10-02,2026-01-27,True,No,No
Aize,Software Engineering Intern,https://careers.aize.io/jobs/7307109-software-engineering-intern?utm_source=Trackr&utm_medium=tracker&utm_campaign=UK_Technology_2026,2026-02-27,,True,Optional,
Lloyds Banking Group,Cyber Security - Summer Internship,https://bit.ly/3ZP9JN4?utm_source=Trackr&utm_medium=tracker&utm_campaign=careers,,,False,No,No
Moody's,Software Engineering Intern,https://bit.ly/43i7d3x,,,,,
Wise,Software Engineering Intern 2026,https://wise.jobs/job/software-engineering-intern-2026-in-london-jid-2492?utm_source=Trackr&utm_medium=tracker&utm_campaign=UK_Technology_2026,2025-10-28,2026-01-13,True,Optional,No
M&G,Summer Internship,https://mgpru.wd3.myworkdayjobs.com/en-US/mandgprudential/jobs?workerSubType=4754e8be5c2a014664931368d64fc40d&utm_source=Trackr&utm_medium=tracker&utm_campaign=UK_Technology_2026&source=Trackr,2025-12-10,2026-01-09,True,No,No
Symphony,"Intern, Software Development",https://symphony.com/company/apply/?gh_jid=7267890&utm_source=Trackr&utm_medium=tracker&utm_campaign=UK_Technology_2026&gh_src=Trackr,2025-09-25,2026-02-14,True,Optional,No
CITIC CLSA,2026 CLSA Internship - Information Technology,https://citicclsa.wd3.myworkdayjobs.com/en-US/External/job/CITIC-CLSA-Internship-Programme-2026_JR002315?utm_source=Trackr&utm_medium=tracker&utm_campaign=UK_Technology_2026&source=Trackr,2025-11-06,2025-12-31,True,No,Yes
Netflix,Internship Program 2026,https://bit.ly/4ejwH59,,,,,
Castleton Commodities International,Software Engineer Internship (Summer 2026),https://osv-cci.wd1.myworkdayjobs.com/en-US/CCICareers/jobs?q=%22internship+%28summer+2026%29%22&locations=f2015cfc02f00191c190c981a701650e&utm_source=Trackr&utm_medium=tracker&utm_campaign=UK_Technology_2026&source=Trackr,2025-07-21,2025-09-14,True,No,No
Tencent,Various Tech Internships,https://tencent.wd1.myworkdayjobs.com/en-US/Tencent_Careers/jobs?utm_source=Trackr&utm_medium=tracker&utm_campaign=UK_Technology_2026&source=Trackr&locations=b3d4dad114e4100177c1f65eefa30000&workerSubType=b32f1ee18078012df7b19ebd5d8f0002,2025-09-15,,True,No,No
UiPath,Software Engineer Intern,https://jobs.ashbyhq.com/uipath/e8cca344-7eeb-442b-8fb3-a8dfb9e22ad0?utm_source=Trackr&utm_medium=tracker&utm_campaign=UK_Technology_2026,2026-02-11,2026-03-04,True,No,No
Financial Conduct Authority,2026 Technology Summer Internship,https://fca.wd3.myworkdayjobs.com/en-US/FCA_earlycareers/jobs?q=%27data%2C+digital%27&jobFamily=12d036035e131001aaafffc882ac0000&utm_source=Trackr&utm_medium=tracker&utm_campaign=UK_Technology_2026&source=Trackr,2025-10-08,2025-12-15,True,No,No
Mizuho,IT Developer Summer Internship,https://www.grb.uk.com/internships/mizuho-banking-it-developer-summer-internship-london-36588?utm_source=Trackr&utm_medium=tracker&utm_campaign=UK_Technology_2026,2025-09-02,2026-01-27,True,Yes,No
IBM,Technology Group Summer Intern 2026,https://bit.ly/47nV8w2,,,True,No,No
Marsh McLennan,Tech Support Summer Internship 2026,https://bit.ly/3K8adGI,,,,,
